block_idx,correct_rejection,design_id,design_name,false_alarm,hit,is_correct,is_target,isi_duration,letter,miss,mode,n_level,n_level_label,n_trials_in_block,participant,responded,rest_duration,rt,run_type,session,stim_duration,stim_onset,task_time,trial_idx,trigger_time,wall_timestamp,zero_back_target
0,1,1,0 vs 2-back (standard ~8min),0,0,1,0,2.0,Z,0,pc,0,0-back,25,zfeqzef,0,12.0,-1,base,01,0.5,18.087,20.634,0,2026-03-18_12:40:26.103193,12:40:46.736988,T
0,0,1,0 vs 2-back (standard ~8min),0,0,0,1,2.0,T,1,pc,0,0-back,25,zfeqzef,0,12.0,-1,base,01,0.5,20.6525,23.1844,1,2026-03-18_12:40:26.103193,12:40:49.287373,T
0,1,1,0 vs 2-back (standard ~8min),0,0,1,0,2.0,F,0,pc,0,0-back,25,zfeqzef,0,12.0,-1,base,01,0.5,23.2027,25.7356,2,2026-03-18_12:40:26.103193,12:40:51.838587,T
0,0,1,0 vs 2-back (standard ~8min),0,0,0,1,2.0,T,1,pc,0,0-back,25,zfeqzef,0,12.0,-1,base,01,0.5,25.7536,28.2848,3,2026-03-18_12:40:26.103193,12:40:54.387862,T
0,0,1,0 vs 2-back (standard ~8min),0,0,0,1,2.0,T,1,pc,0,0-back,25,zfeqzef,0,12.0,-1,base,01,0.5,28.3024,30.8346,4,2026-03-18_12:40:26.103193,12:40:56.937582,T
0,1,1,0 vs 2-back (standard ~8min),0,0,1,0,2.0,H,0,pc,0,0-back,25,zfeqzef,0,12.0,-1,base,01,0.5,30.8529,33.3847,5,2026-03-18_12:40:26.103193,12:40:59.487669,T
0,1,1,0 vs 2-back (standard ~8min),0,0,1,0,2.0,C,0,pc,0,0-back,25,zfeqzef,0,12.0,-1,base,01,0.5,33.4014,36.2288,6,2026-03-18_12:40:26.103193,12:41:02.331868,T
0,1,1,0 vs 2-back (standard ~8min),0,0,1,0,2.0,S,0,pc,0,0-back,25,zfeqzef,0,12.0,-1,base,01,0.5,37.2292,41.23,7,2026-03-18_12:40:26.103193,12:41:07.332973,T
0,1,1,0 vs 2-back (standard ~8min),0,0,1,0,2.0,H,0,pc,0,0-back,25,zfeqzef,0,12.0,-1,base,01,0.5,42.2296,47.2291,8,2026-03-18_12:40:26.103193,12:41:13.332135,T
0,1,1,0 vs 2-back (standard ~8min),0,0,1,0,2.0,Z,0,pc,0,0-back,25,zfeqzef,0,12.0,-1,base,01,0.5,48.2297,53.23,9,2026-03-18_12:40:26.103193,12:41:19.333023,T
0,1,1,0 vs 2-back (standard ~8min),0,0,1,0,2.0,P,0,pc,0,0-back,25,zfeqzef,0,12.0,-1,base,01,0.5,54.2298,59.2302,10,2026-03-18_12:40:26.103193,12:41:25.333222,T
0,1,1,0 vs 2-back (standard ~8min),0,0,1,0,2.0,V,0,pc,0,0-back,25,zfeqzef,0,12.0,-1,base,01,0.5,60.2299,65.2301,11,2026-03-18_12:40:26.103193,12:41:31.333075,T
0,1,1,0 vs 2-back (standard ~8min),0,0,1,0,2.0,S,0,pc,0,0-back,25,zfeqzef,0,12.0,-1,base,01,0.5,66.2295,70.23,12,2026-03-18_12:40:26.103193,12:41:36.333026,T
0,1,1,0 vs 2-back (standard ~8min),0,0,1,0,2.0,F,0,pc,0,0-back,25,zfeqzef,0,12.0,-1,base,01,0.5,71.2296,75.2301,13,2026-03-18_12:40:26.103193,12:41:41.333161,T
0,1,1,0 vs 2-back (standard ~8min),0,0,1,0,2.0,Z,0,pc,0,0-back,25,zfeqzef,0,12.0,-1,base,01,0.5,76.2296,80.2301,14,2026-03-18_12:40:26.103193,12:41:46.333146,T
0,1,1,0 vs 2-back (standard ~8min),0,0,1,0,2.0,J,0,pc,0,0-back,25,zfeqzef,0,12.0,-1,base,01,0.5,81.2301,85.2297,15,2026-03-18_12:40:26.103193,12:41:51.332705,T
0,1,1,0 vs 2-back (standard ~8min),0,0,1,0,2.0,G,0,pc,0,0-back,25,zfeqzef,0,12.0,-1,base,01,0.5,86.2292,90.2298,16,2026-03-18_12:40:26.103193,12:41:56.332829,T
0,1,1,0 vs 2-back (standard ~8min),0,0,1,0,2.0,B,0,pc,0,0-back,25,zfeqzef,0,12.0,-1,base,01,0.5,91.2297,95.2296,17,2026-03-18_12:40:26.103193,12:42:01.332609,T
0,0,1,0 vs 2-back (standard ~8min),0,0,0,1,2.0,T,1,pc,0,0-back,25,zfeqzef,0,12.0,-1,base,01,0.5,96.2293,100.2297,18,2026-03-18_12:40:26.103193,12:42:06.332695,T
0,0,1,0 vs 2-back (standard ~8min),0,0,0,1,2.0,T,1,pc,0,0-back,25,zfeqzef,0,12.0,-1,base,01,0.5,101.2295,105.2301,19,2026-03-18_12:40:26.103193,12:42:11.333104,T
0,0,1,0 vs 2-back (standard ~8min),0,0,0,1,2.0,T,1,pc,0,0-back,25,zfeqzef,0,12.0,-1,base,01,0.5,106.2299,110.2294,20,2026-03-18_12:40:26.103193,12:42:16.332436,T
0,1,1,0 vs 2-back (standard ~8min),0,0,1,0,2.0,H,0,pc,0,0-back,25,zfeqzef,0,12.0,-1,base,01,0.5,111.2298,116.23,21,2026-03-18_12:40:26.103193,12:42:22.333042,T
0,0,1,0 vs 2-back (standard ~8min),0,0,0,1,2.0,T,1,pc,0,0-back,25,zfeqzef,0,12.0,-1,base,01,0.5,117.2293,122.2291,22,2026-03-18_12:40:26.103193,12:42:28.332169,T
0,1,1,0 vs 2-back (standard ~8min),0,0,1,0,2.0,Z,0,pc,0,0-back,25,zfeqzef,0,12.0,-1,base,01,0.5,123.2295,128.2289,23,2026-03-18_12:40:26.103193,12:42:34.331959,T
0,0,1,0 vs 2-back (standard ~8min),0,0,0,1,2.0,T,1,pc,0,0-back,25,zfeqzef,0,12.0,-1,base,01,0.5,129.2294,134.2299,24,2026-03-18_12:40:26.103193,12:42:40.332875,T
1,1,1,0 vs 2-back (standard ~8min),0,0,1,0,2.0,Z,0,pc,2,2-back,25,zfeqzef,0,12.0,-1,base,01,0.5,157.2297,162.2301,0,2026-03-18_12:40:26.103193,12:43:08.333146,
1,1,1,0 vs 2-back (standard ~8min),0,0,1,0,2.0,F,0,pc,2,2-back,25,zfeqzef,0,12.0,-1,base,01,0.5,163.2296,167.2302,1,2026-03-18_12:40:26.103193,12:43:13.333219,
1,1,1,0 vs 2-back (standard ~8min),0,0,1,0,2.0,P,0,pc,2,2-back,25,zfeqzef,0,12.0,-1,base,01,0.5,168.2298,173.23,2,2026-03-18_12:40:26.103193,12:43:19.332987,
1,1,1,0 vs 2-back (standard ~8min),0,0,1,0,2.0,N,0,pc,2,2-back,25,zfeqzef,0,12.0,-1,base,01,0.5,174.2295,178.2297,3,2026-03-18_12:40:26.103193,12:43:24.332753,
1,0,1,0 vs 2-back (standard ~8min),0,0,0,1,2.0,P,1,pc,2,2-back,25,zfeqzef,0,12.0,-1,base,01,0.5,179.2293,183.23,4,2026-03-18_12:40:26.103193,12:43:29.333010,
1,1,1,0 vs 2-back (standard ~8min),0,0,1,0,2.0,M,0,pc,2,2-back,25,zfeqzef,0,12.0,-1,base,01,0.5,184.2298,189.2293,5,2026-03-18_12:40:26.103193,12:43:35.332338,
1,1,1,0 vs 2-back (standard ~8min),0,0,1,0,2.0,Z,0,pc,2,2-back,25,zfeqzef,0,12.0,-1,base,01,0.5,190.23,194.2296,6,2026-03-18_12:40:26.103193,12:43:40.332647,
1,1,1,0 vs 2-back (standard ~8min),0,0,1,0,2.0,K,0,pc,2,2-back,25,zfeqzef,0,12.0,-1,base,01,0.5,195.2294,199.2301,7,2026-03-18_12:40:26.103193,12:43:45.333087,
1,1,1,0 vs 2-back (standard ~8min),0,0,1,0,2.0,J,0,pc,2,2-back,25,zfeqzef,0,12.0,-1,base,01,0.5,200.2296,204.23,8,2026-03-18_12:40:26.103193,12:43:50.333044,
1,1,1,0 vs 2-back (standard ~8min),0,0,1,0,2.0,D,0,pc,2,2-back,25,zfeqzef,0,12.0,-1,base,01,0.5,205.23,209.2298,9,2026-03-18_12:40:26.103193,12:43:55.332813,
1,1,1,0 vs 2-back (standard ~8min),0,0,1,0,2.0,C,0,pc,2,2-back,25,zfeqzef,0,12.0,-1,base,01,0.5,210.2295,215.2301,10,2026-03-18_12:40:26.103193,12:44:01.333096,
1,0,1,0 vs 2-back (standard ~8min),0,0,0,1,2.0,D,1,pc,2,2-back,25,zfeqzef,0,12.0,-1,base,01,0.5,216.2296,221.23,11,2026-03-18_12:40:26.103193,12:44:07.333069,
1,1,1,0 vs 2-back (standard ~8min),0,0,1,0,2.0,K,0,pc,2,2-back,25,zfeqzef,0,12.0,-1,base,01,0.5,222.2296,227.2299,12,2026-03-18_12:40:26.103193,12:44:13.332902,
1,0,1,0 vs 2-back (standard ~8min),0,0,0,1,2.0,D,1,pc,2,2-back,25,zfeqzef,0,12.0,-1,base,01,0.5,228.2293,233.23,13,2026-03-18_12:40:26.103193,12:44:19.332973,
1,1,1,0 vs 2-back (standard ~8min),0,0,1,0,2.0,J,0,pc,2,2-back,25,zfeqzef,0,12.0,-1,base,01,0.5,234.2293,238.2301,14,2026-03-18_12:40:26.103193,12:44:24.333127,
1,0,1,0 vs 2-back (standard ~8min),0,0,0,1,2.0,D,1,pc,2,2-back,25,zfeqzef,0,12.0,-1,base,01,0.5,239.2296,244.23,15,2026-03-18_12:40:26.103193,12:44:30.333018,
1,0,1,0 vs 2-back (standard ~8min),0,0,0,1,2.0,J,1,pc,2,2-back,25,zfeqzef,0,12.0,-1,base,01,0.5,245.2295,249.23,16,2026-03-18_12:40:26.103193,12:44:35.333061,
1,0,1,0 vs 2-back (standard ~8min),0,0,0,1,2.0,D,1,pc,2,2-back,25,zfeqzef,0,12.0,-1,base,01,0.5,250.2295,254.23,17,2026-03-18_12:40:26.103193,12:44:40.333029,
1,1,1,0 vs 2-back (standard ~8min),0,0,1,0,2.0,C,0,pc,2,2-back,25,zfeqzef,0,12.0,-1,base,01,0.5,255.2296,259.2306,18,2026-03-18_12:40:26.103193,12:44:45.333629,
1,1,1,0 vs 2-back (standard ~8min),0,0,1,0,2.0,R,0,pc,2,2-back,25,zfeqzef,0,12.0,-1,base,01,0.5,260.2293,264.2299,19,2026-03-18_12:40:26.103193,12:44:50.332916,
1,0,1,0 vs 2-back (standard ~8min),0,0,0,1,2.0,C,1,pc,2,2-back,25,zfeqzef,0,12.0,-1,base,01,0.5,265.2295,269.23,20,2026-03-18_12:40:26.103193,12:44:55.333001,
1,0,1,0 vs 2-back (standard ~8min),0,0,0,1,2.0,R,1,pc,2,2-back,25,zfeqzef,0,12.0,-1,base,01,0.5,270.2296,275.2298,21,2026-03-18_12:40:26.103193,12:45:01.332869,
1,1,1,0 vs 2-back (standard ~8min),0,0,1,0,2.0,L,0,pc,2,2-back,25,zfeqzef,0,12.0,-1,base,01,0.5,276.2295,280.2301,22,2026-03-18_12:40:26.103193,12:45:06.333073,
1,1,1,0 vs 2-back (standard ~8min),0,0,1,0,2.0,V,0,pc,2,2-back,25,zfeqzef,0,12.0,-1,base,01,0.5,281.2295,286.2301,23,2026-03-18_12:40:26.103193,12:45:12.333160,
1,1,1,0 vs 2-back (standard ~8min),0,0,1,0,2.0,P,0,pc,2,2-back,25,zfeqzef,0,12.0,-1,base,01,0.5,287.2298,292.2299,24,2026-03-18_12:40:26.103193,12:45:18.332967,
2,1,1,0 vs 2-back (standard ~8min),0,0,1,0,2.0,G,0,pc,2,2-back,25,zfeqzef,0,12.0,-1,base,01,0.5,317.2296,322.2296,0,2026-03-18_12:40:26.103193,12:45:48.332576,
2,1,1,0 vs 2-back (standard ~8min),0,0,1,0,2.0,S,0,pc,2,2-back,25,zfeqzef,0,12.0,-1,base,01,0.5,323.2302,327.2299,1,2026-03-18_12:40:26.103193,12:45:53.332891,
2,0,1,0 vs 2-back (standard ~8min),0,0,0,1,2.0,G,1,pc,2,2-back,25,zfeqzef,0,12.0,-1,base,01,0.5,328.2296,332.2301,2,2026-03-18_12:40:26.103193,12:45:58.333140,
2,1,1,0 vs 2-back (standard ~8min),0,0,1,0,2.0,R,0,pc,2,2-back,25,zfeqzef,0,12.0,-1,base,01,0.5,333.2296,337.23,3,2026-03-18_12:40:26.103193,12:46:03.333022,
2,1,1,0 vs 2-back (standard ~8min),0,0,1,0,2.0,C,0,pc,2,2-back,25,zfeqzef,0,12.0,-1,base,01,0.5,338.2292,342.2296,4,2026-03-18_12:40:26.103193,12:46:08.332582,
2,1,1,0 vs 2-back (standard ~8min),0,0,1,0,2.0,L,0,pc,2,2-back,25,zfeqzef,0,12.0,-1,base,01,0.5,343.23,347.2299,5,2026-03-18_12:40:26.103193,12:46:13.332895,
2,1,1,0 vs 2-back (standard ~8min),0,0,1,0,2.0,S,0,pc,2,2-back,25,zfeqzef,0,12.0,-1,base,01,0.5,348.2295,352.2296,6,2026-03-18_12:40:26.103193,12:46:18.332631,
2,1,1,0 vs 2-back (standard ~8min),0,0,1,0,2.0,H,0,pc,2,2-back,25,zfeqzef,0,12.0,-1,base,01,0.5,353.23,357.2295,7,2026-03-18_12:40:26.103193,12:46:23.332564,
2,0,1,0 vs 2-back (standard ~8min),0,0,0,1,2.0,S,1,pc,2,2-back,25,zfeqzef,0,12.0,-1,base,01,0.5,358.2301,362.2296,8,2026-03-18_12:40:26.103193,12:46:28.332585,
2,1,1,0 vs 2-back (standard ~8min),0,0,1,0,2.0,J,0,pc,2,2-back,25,zfeqzef,0,12.0,-1,base,01,0.5,363.2301,367.2295,9,2026-03-18_12:40:26.103193,12:46:33.332513,
2,0,1,0 vs 2-back (standard ~8min),0,0,0,1,2.0,S,1,pc,2,2-back,25,zfeqzef,0,12.0,-1,base,01,0.5,368.2293,372.2301,10,2026-03-18_12:40:26.103193,12:46:38.333154,
2,1,1,0 vs 2-back (standard ~8min),0,0,1,0,2.0,K,0,pc,2,2-back,25,zfeqzef,0,12.0,-1,base,01,0.5,373.2297,377.23,11,2026-03-18_12:40:26.103193,12:46:43.333062,
2,1,1,0 vs 2-back (standard ~8min),0,0,1,0,2.0,B,0,pc,2,2-back,25,zfeqzef,0,12.0,-1,base,01,0.5,378.2304,382.2297,12,2026-03-18_12:40:26.103193,12:46:48.332700,
2,1,1,0 vs 2-back (standard ~8min),0,0,1,0,2.0,J,0,pc,2,2-back,25,zfeqzef,0,12.0,-1,base,01,0.5,383.2301,387.2296,13,2026-03-18_12:40:26.103193,12:46:53.332650,
2,0,1,0 vs 2-back (standard ~8min),0,0,0,1,2.0,B,1,pc,2,2-back,25,zfeqzef,0,12.0,-1,base,01,0.5,388.2301,392.2297,14,2026-03-18_12:40:26.103193,12:46:58.332678,
2,1,1,0 vs 2-back (standard ~8min),0,0,1,0,2.0,M,0,pc,2,2-back,25,zfeqzef,0,12.0,-1,base,01,0.5,393.2291,397.2294,15,2026-03-18_12:40:26.103193,12:47:03.332438,
2,1,1,0 vs 2-back (standard ~8min),0,0,1,0,2.0,D,0,pc,2,2-back,25,zfeqzef,0,12.0,-1,base,01,0.5,398.2293,402.2296,16,2026-03-18_12:40:26.103193,12:47:08.332662,
2,0,1,0 vs 2-back (standard ~8min),0,0,0,1,2.0,M,1,pc,2,2-back,25,zfeqzef,0,12.0,-1,base,01,0.5,403.2291,407.2295,17,2026-03-18_12:40:26.103193,12:47:13.332564,
2,1,1,0 vs 2-back (standard ~8min),0,0,1,0,2.0,N,0,pc,2,2-back,25,zfeqzef,0,12.0,-1,base,01,0.5,408.2301,413.2289,18,2026-03-18_12:40:26.103193,12:47:19.331898,
2,1,1,0 vs 2-back (standard ~8min),0,0,1,0,2.0,R,0,pc,2,2-back,25,zfeqzef,0,12.0,-1,base,01,0.5,414.2302,418.23,19,2026-03-18_12:40:26.103193,12:47:24.333028,
2,1,1,0 vs 2-back (standard ~8min),0,0,1,0,2.0,T,0,pc,2,2-back,25,zfeqzef,0,12.0,-1,base,01,0.5,419.2295,423.23,20,2026-03-18_12:40:26.103193,12:47:29.332972,
2,1,1,0 vs 2-back (standard ~8min),0,0,1,0,2.0,C,0,pc,2,2-back,25,zfeqzef,0,12.0,-1,base,01,0.5,424.2295,428.2297,21,2026-03-18_12:40:26.103193,12:47:34.332728,
2,0,1,0 vs 2-back (standard ~8min),0,0,0,1,2.0,T,1,pc,2,2-back,25,zfeqzef,0,12.0,-1,base,01,0.5,429.229,433.2293,22,2026-03-18_12:40:26.103193,12:47:39.332322,
2,0,1,0 vs 2-back (standard ~8min),0,0,0,1,2.0,C,1,pc,2,2-back,25,zfeqzef,0,12.0,-1,base,01,0.5,434.2299,438.23,23,2026-03-18_12:40:26.103193,12:47:44.333027,
2,0,1,0 vs 2-back (standard ~8min),0,0,0,1,2.0,T,1,pc,2,2-back,25,zfeqzef,0,12.0,-1,base,01,0.5,439.2294,443.23,24,2026-03-18_12:40:26.103193,12:47:49.333016,
3,1,1,0 vs 2-back (standard ~8min),0,0,1,0,2.0,S,0,pc,0,0-back,25,zfeqzef,0,12.0,-1,base,01,0.5,465.2297,470.2299,0,2026-03-18_12:40:26.103193,12:48:16.332898,T
3,1,1,0 vs 2-back (standard ~8min),0,0,1,0,2.0,W,0,pc,0,0-back,25,zfeqzef,0,12.0,-1,base,01,0.5,471.2295,475.2298,1,2026-03-18_12:40:26.103193,12:48:21.332859,T
3,1,1,0 vs 2-back (standard ~8min),0,0,1,0,2.0,N,0,pc,0,0-back,25,zfeqzef,0,12.0,-1,base,01,0.5,476.2292,480.2294,2,2026-03-18_12:40:26.103193,12:48:26.332385,T
3,1,1,0 vs 2-back (standard ~8min),0,0,1,0,2.0,B,0,pc,0,0-back,25,zfeqzef,0,12.0,-1,base,01,0.5,481.2299,486.2298,3,2026-03-18_12:40:26.103193,12:48:32.332836,T
3,0,1,0 vs 2-back (standard ~8min),0,0,0,1,2.0,T,1,pc,0,0-back,25,zfeqzef,0,12.0,-1,base,01,0.5,487.2293,491.2296,4,2026-03-18_12:40:26.103193,12:48:37.332572,T
3,1,1,0 vs 2-back (standard ~8min),0,0,1,0,2.0,M,0,pc,0,0-back,25,zfeqzef,0,12.0,-1,base,01,0.5,492.23,496.2299,5,2026-03-18_12:40:26.103193,12:48:42.332934,T
3,0,1,0 vs 2-back (standard ~8min),0,0,0,1,2.0,T,1,pc,0,0-back,25,zfeqzef,0,12.0,-1,base,01,0.5,497.2293,501.2295,6,2026-03-18_12:40:26.103193,12:48:47.332525,T
3,1,1,0 vs 2-back (standard ~8min),0,0,1,0,2.0,Z,0,pc,0,0-back,25,zfeqzef,0,12.0,-1,base,01,0.5,502.2299,506.2301,7,2026-03-18_12:40:26.103193,12:48:52.333131,T
3,1,1,0 vs 2-back (standard ~8min),0,0,1,0,2.0,F,0,pc,0,0-back,25,zfeqzef,0,12.0,-1,base,01,0.5,507.2295,511.2299,8,2026-03-18_12:40:26.103193,12:48:57.332901,T
3,1,1,0 vs 2-back (standard ~8min),0,0,1,0,2.0,Z,0,pc,0,0-back,25,zfeqzef,0,12.0,-1,base,01,0.5,512.2291,516.2291,9,2026-03-18_12:40:26.103193,12:49:02.332132,T
3,1,1,0 vs 2-back (standard ~8min),0,0,1,0,2.0,W,0,pc,0,0-back,25,zfeqzef,0,12.0,-1,base,01,0.5,517.2297,522.2301,10,2026-03-18_12:40:26.103193,12:49:08.333169,T
3,1,1,0 vs 2-back (standard ~8min),0,0,1,0,2.0,V,0,pc,0,0-back,25,zfeqzef,0,12.0,-1,base,01,0.5,523.2297,527.2301,11,2026-03-18_12:40:26.103193,12:49:13.333078,T
3,0,1,0 vs 2-back (standard ~8min),0,0,0,1,2.0,T,1,pc,0,0-back,25,zfeqzef,0,12.0,-1,base,01,0.5,528.2296,532.2301,12,2026-03-18_12:40:26.103193,12:49:18.333146,T
3,0,1,0 vs 2-back (standard ~8min),0,0,0,1,2.0,T,1,pc,0,0-back,25,zfeqzef,0,12.0,-1,base,01,0.5,533.2299,538.2302,13,2026-03-18_12:40:26.103193,12:49:24.333189,T
3,0,1,0 vs 2-back (standard ~8min),0,0,0,1,2.0,T,1,pc,0,0-back,25,zfeqzef,0,12.0,-1,base,01,0.5,539.23,543.2295,14,2026-03-18_12:40:26.103193,12:49:29.332490,T
3,1,1,0 vs 2-back (standard ~8min),0,0,1,0,2.0,Z,0,pc,0,0-back,25,zfeqzef,0,12.0,-1,base,01,0.5,544.23,548.2296,15,2026-03-18_12:40:26.103193,12:49:34.332669,T
3,0,1,0 vs 2-back (standard ~8min),0,0,0,1,2.0,T,1,pc,0,0-back,25,zfeqzef,0,12.0,-1,base,01,0.5,549.2301,553.2296,16,2026-03-18_12:40:26.103193,12:49:39.332586,T
3,1,1,0 vs 2-back (standard ~8min),0,0,1,0,2.0,S,0,pc,0,0-back,25,zfeqzef,0,12.0,-1,base,01,0.5,554.23,558.2301,17,2026-03-18_12:40:26.103193,12:49:44.333142,T
3,0,1,0 vs 2-back (standard ~8min),0,0,0,1,2.0,T,1,pc,0,0-back,25,zfeqzef,0,12.0,-1,base,01,0.5,559.2297,564.2301,18,2026-03-18_12:40:26.103193,12:49:50.333086,T
3,1,1,0 vs 2-back (standard ~8min),0,0,1,0,2.0,N,0,pc,0,0-back,25,zfeqzef,0,12.0,-1,base,01,0.5,565.2296,570.23,19,2026-03-18_12:40:26.103193,12:49:56.333026,T
3,1,1,0 vs 2-back (standard ~8min),0,0,1,0,2.0,B,0,pc,0,0-back,25,zfeqzef,0,12.0,-1,base,01,0.5,571.2295,576.2299,20,2026-03-18_12:40:26.103193,12:50:02.332945,T
3,1,1,0 vs 2-back (standard ~8min),0,0,1,0,2.0,N,0,pc,0,0-back,25,zfeqzef,0,12.0,-1,base,01,0.5,577.2295,582.2299,21,2026-03-18_12:40:26.103193,12:50:08.332962,T
3,0,1,0 vs 2-back (standard ~8min),0,0,0,1,2.0,T,1,pc,0,0-back,25,zfeqzef,0,12.0,-1,base,01,0.5,583.2295,588.2291,22,2026-03-18_12:40:26.103193,12:50:14.332141,T
3,1,1,0 vs 2-back (standard ~8min),0,0,1,0,2.0,R,0,pc,0,0-back,25,zfeqzef,0,12.0,-1,base,01,0.5,589.2297,594.23,23,2026-03-18_12:40:26.103193,12:50:20.332985,T
3,1,1,0 vs 2-back (standard ~8min),0,0,1,0,2.0,K,0,pc,0,0-back,25,zfeqzef,0,12.0,-1,base,01,0.5,595.2294,599.2297,24,2026-03-18_12:40:26.103193,12:50:25.332767,T
4,1,1,0 vs 2-back (standard ~8min),0,0,1,0,2.0,P,0,pc,2,2-back,25,zfeqzef,0,12.0,-1,base,01,0.5,622.2295,626.23,0,2026-03-18_12:40:26.103193,12:50:52.332998,
4,1,1,0 vs 2-back (standard ~8min),0,0,1,0,2.0,J,0,pc,2,2-back,25,zfeqzef,0,12.0,-1,base,01,0.5,627.2295,631.2299,1,2026-03-18_12:40:26.103193,12:50:57.332879,
4,1,1,0 vs 2-back (standard ~8min),0,0,1,0,2.0,N,0,pc,2,2-back,25,zfeqzef,0,12.0,-1,base,01,0.5,632.2294,636.2297,2,2026-03-18_12:40:26.103193,12:51:02.332690,
4,1,1,0 vs 2-back (standard ~8min),0,0,1,0,2.0,M,0,pc,2,2-back,25,zfeqzef,0,12.0,-1,base,01,0.5,637.2293,641.2299,3,2026-03-18_12:40:26.103193,12:51:07.332947,
4,1,1,0 vs 2-back (standard ~8min),0,0,1,0,2.0,F,0,pc,2,2-back,25,zfeqzef,0,12.0,-1,base,01,0.5,642.2295,646.23,4,2026-03-18_12:40:26.103193,12:51:12.333004,
4,1,1,0 vs 2-back (standard ~8min),0,0,1,0,2.0,J,0,pc,2,2-back,25,zfeqzef,0,12.0,-1,base,01,0.5,647.2295,652.2298,5,2026-03-18_12:40:26.103193,12:51:18.332794,
4,1,1,0 vs 2-back (standard ~8min),0,0,1,0,2.0,V,0,pc,2,2-back,25,zfeqzef,0,12.0,-1,base,01,0.5,653.2295,657.2299,6,2026-03-18_12:40:26.103193,12:51:23.332949,
4,1,1,0 vs 2-back (standard ~8min),0,0,1,0,2.0,H,0,pc,2,2-back,25,zfeqzef,0,12.0,-1,base,01,0.5,658.2295,662.2304,7,2026-03-18_12:40:26.103193,12:51:28.333378,
4,1,1,0 vs 2-back (standard ~8min),0,0,1,0,2.0,D,0,pc,2,2-back,25,zfeqzef,0,12.0,-1,base,01,0.5,663.2298,668.23,8,2026-03-18_12:40:26.103193,12:51:34.333029,
4,1,1,0 vs 2-back (standard ~8min),0,0,1,0,2.0,F,0,pc,2,2-back,25,zfeqzef,0,12.0,-1,base,01,0.5,669.2296,673.2301,9,2026-03-18_12:40:26.103193,12:51:39.333164,
4,0,1,0 vs 2-back (standard ~8min),0,0,0,1,2.0,D,1,pc,2,2-back,25,zfeqzef,0,12.0,-1,base,01,0.5,674.2296,678.2301,10,2026-03-18_12:40:26.103193,12:51:44.333074,
4,1,1,0 vs 2-back (standard ~8min),0,0,1,0,2.0,K,0,pc,2,2-back,25,zfeqzef,0,12.0,-1,base,01,0.5,679.2295,683.2301,11,2026-03-18_12:40:26.103193,12:51:49.333156,
4,1,1,0 vs 2-back (standard ~8min),0,0,1,0,2.0,H,0,pc,2,2-back,25,zfeqzef,0,12.0,-1,base,01,0.5,684.2298,689.2301,12,2026-03-18_12:40:26.103193,12:51:55.333144,
4,1,1,0 vs 2-back (standard ~8min),0,0,1,0,2.0,G,0,pc,2,2-back,25,zfeqzef,0,12.0,-1,base,01,0.5,690.2296,695.2298,13,2026-03-18_12:40:26.103193,12:52:01.332869,
4,1,1,0 vs 2-back (standard ~8min),0,0,1,0,2.0,C,0,pc,2,2-back,25,zfeqzef,0,12.0,-1,base,01,0.5,696.2294,700.2298,14,2026-03-18_12:40:26.103193,12:52:06.332805,
4,0,1,0 vs 2-back (standard ~8min),0,0,0,1,2.0,G,1,pc,2,2-back,25,zfeqzef,0,12.0,-1,base,01,0.5,701.2293,706.2291,15,2026-03-18_12:40:26.103193,12:52:12.332165,
4,0,1,0 vs 2-back (standard ~8min),0,0,0,1,2.0,C,1,pc,2,2-back,25,zfeqzef,0,12.0,-1,base,01,0.5,707.2296,711.2302,16,2026-03-18_12:40:26.103193,12:52:17.333231,
4,1,1,0 vs 2-back (standard ~8min),0,0,1,0,2.0,D,0,pc,2,2-back,25,zfeqzef,0,12.0,-1,base,01,0.5,712.2297,717.23,17,2026-03-18_12:40:26.103193,12:52:23.333023,
4,0,1,0 vs 2-back (standard ~8min),0,0,0,1,2.0,C,1,pc,2,2-back,25,zfeqzef,0,12.0,-1,base,01,0.5,718.2296,722.23,18,2026-03-18_12:40:26.103193,12:52:28.333046,
4,0,1,0 vs 2-back (standard ~8min),0,0,0,1,2.0,D,1,pc,2,2-back,25,zfeqzef,0,12.0,-1,base,01,0.5,723.2296,728.23,19,2026-03-18_12:40:26.103193,12:52:34.333061,
4,1,1,0 vs 2-back (standard ~8min),0,0,1,0,2.0,L,0,pc,2,2-back,25,zfeqzef,0,12.0,-1,base,01,0.5,729.2296,733.23,20,2026-03-18_12:40:26.103193,12:52:39.333043,
4,0,1,0 vs 2-back (standard ~8min),0,0,0,1,2.0,D,1,pc,2,2-back,25,zfeqzef,0,12.0,-1,base,01,0.5,734.2296,739.23,21,2026-03-18_12:40:26.103193,12:52:45.333006,
4,1,1,0 vs 2-back (standard ~8min),0,0,1,0,2.0,K,0,pc,2,2-back,25,zfeqzef,0,12.0,-1,base,01,0.5,740.2295,745.2296,22,2026-03-18_12:40:26.103193,12:52:51.332638,
4,0,1,0 vs 2-back (standard ~8min),0,0,0,1,2.0,D,1,pc,2,2-back,25,zfeqzef,0,12.0,-1,base,01,0.5,746.2301,750.2299,23,2026-03-18_12:40:26.103193,12:52:56.332878,
4,0,1,0 vs 2-back (standard ~8min),0,0,0,1,2.0,K,1,pc,2,2-back,25,zfeqzef,0,12.0,-1,base,01,0.5,751.2294,755.2299,24,2026-03-18_12:40:26.103193,12:53:01.332960,
5,1,1,0 vs 2-back (standard ~8min),0,0,1,0,2.0,D,0,pc,0,0-back,25,zfeqzef,0,12.0,-1,base,01,0.5,778.2295,783.2297,0,2026-03-18_12:40:26.103193,12:53:29.332744,M
5,1,1,0 vs 2-back (standard ~8min),0,0,1,0,2.0,V,0,pc,0,0-back,25,zfeqzef,0,12.0,-1,base,01,0.5,784.2293,788.2298,1,2026-03-18_12:40:26.103193,12:53:34.332800,M
5,1,1,0 vs 2-back (standard ~8min),0,0,1,0,2.0,S,0,pc,0,0-back,25,zfeqzef,0,12.0,-1,base,01,0.5,789.2292,793.23,2,2026-03-18_12:40:26.103193,12:53:39.333053,M
5,1,1,0 vs 2-back (standard ~8min),0,0,1,0,2.0,R,0,pc,0,0-back,25,zfeqzef,0,12.0,-1,base,01,0.5,794.2293,798.23,3,2026-03-18_12:40:26.103193,12:53:44.332973,M
5,1,1,0 vs 2-back (standard ~8min),0,0,1,0,2.0,K,0,pc,0,0-back,25,zfeqzef,0,12.0,-1,base,01,0.5,799.2294,803.23,4,2026-03-18_12:40:26.103193,12:53:49.332983,M
5,1,1,0 vs 2-back (standard ~8min),0,0,1,0,2.0,H,0,pc,0,0-back,25,zfeqzef,0,12.0,-1,base,01,0.5,804.2296,808.2299,5,2026-03-18_12:40:26.103193,12:53:54.332888,M
5,1,1,0 vs 2-back (standard ~8min),0,0,1,0,2.0,B,0,pc,0,0-back,25,zfeqzef,0,12.0,-1,base,01,0.5,809.2292,813.2298,6,2026-03-18_12:40:26.103193,12:53:59.332792,M
5,1,1,0 vs 2-back (standard ~8min),0,0,1,0,2.0,H,0,pc,0,0-back,25,zfeqzef,0,12.0,-1,base,01,0.5,814.2293,818.2301,7,2026-03-18_12:40:26.103193,12:54:04.333168,M
5,1,1,0 vs 2-back (standard ~8min),0,0,1,0,2.0,L,0,pc,0,0-back,25,zfeqzef,0,12.0,-1,base,01,0.5,819.2298,824.2294,8,2026-03-18_12:40:26.103193,12:54:10.332440,M
5,0,1,0 vs 2-back (standard ~8min),0,0,0,1,2.0,M,1,pc,0,0-back,25,zfeqzef,0,12.0,-1,base,01,0.5,825.2298,830.2299,9,2026-03-18_12:40:26.103193,12:54:16.332921,M
5,0,1,0 vs 2-back (standard ~8min),0,0,0,1,2.0,M,1,pc,0,0-back,25,zfeqzef,0,12.0,-1,base,01,0.5,831.2298,835.23,10,2026-03-18_12:40:26.103193,12:54:21.333023,M
5,0,1,0 vs 2-back (standard ~8min),0,0,0,1,2.0,M,1,pc,0,0-back,25,zfeqzef,0,12.0,-1,base,01,0.5,836.2298,841.23,11,2026-03-18_12:40:26.103193,12:54:27.333013,M
5,0,1,0 vs 2-back (standard ~8min),0,0,0,1,2.0,M,1,pc,0,0-back,25,zfeqzef,0,12.0,-1,base,01,0.5,842.2298,846.2301,12,2026-03-18_12:40:26.103193,12:54:32.333117,M
5,0,1,0 vs 2-back (standard ~8min),0,0,0,1,2.0,M,1,pc,0,0-back,25,zfeqzef,0,12.0,-1,base,01,0.5,847.2299,852.2298,13,2026-03-18_12:40:26.103193,12:54:38.332787,M
5,1,1,0 vs 2-back (standard ~8min),0,0,1,0,2.0,N,0,pc,0,0-back,25,zfeqzef,0,12.0,-1,base,01,0.5,853.2293,857.2294,14,2026-03-18_12:40:26.103193,12:54:43.332459,M
5,1,1,0 vs 2-back (standard ~8min),0,0,1,0,2.0,D,0,pc,0,0-back,25,zfeqzef,0,12.0,-1,base,01,0.5,858.2298,863.2296,15,2026-03-18_12:40:26.103193,12:54:49.332585,M
5,1,1,0 vs 2-back (standard ~8min),0,0,1,0,2.0,N,0,pc,0,0-back,25,zfeqzef,0,12.0,-1,base,01,0.5,864.2301,868.2295,16,2026-03-18_12:40:26.103193,12:54:54.332475,M
5,1,1,0 vs 2-back (standard ~8min),0,0,1,0,2.0,C,0,pc,0,0-back,25,zfeqzef,0,12.0,-1,base,01,0.5,869.23,873.2291,17,2026-03-18_12:40:26.103193,12:54:59.332106,M
5,0,1,0 vs 2-back (standard ~8min),0,0,0,1,2.0,M,1,pc,0,0-back,25,zfeqzef,0,12.0,-1,base,01,0.5,874.2295,878.2298,18,2026-03-18_12:40:26.103193,12:55:04.332865,M
5,0,1,0 vs 2-back (standard ~8min),0,0,0,1,2.0,M,1,pc,0,0-back,25,zfeqzef,0,12.0,-1,base,01,0.5,879.2298,884.2297,19,2026-03-18_12:40:26.103193,12:55:10.332687,M
5,1,1,0 vs 2-back (standard ~8min),0,0,1,0,2.0,B,0,pc,0,0-back,25,zfeqzef,0,12.0,-1,base,01,0.5,885.2292,889.2296,20,2026-03-18_12:40:26.103193,12:55:15.332580,M
5,1,1,0 vs 2-back (standard ~8min),0,0,1,0,2.0,J,0,pc,0,0-back,25,zfeqzef,0,12.0,-1,base,01,0.5,890.2302,894.2299,21,2026-03-18_12:40:26.103193,12:55:20.332887,M
5,1,1,0 vs 2-back (standard ~8min),0,0,1,0,2.0,K,0,pc,0,0-back,25,zfeqzef,0,12.0,-1,base,01,0.5,895.2295,899.23,22,2026-03-18_12:40:26.103193,12:55:25.333007,M
5,1,1,0 vs 2-back (standard ~8min),0,0,1,0,2.0,G,0,pc,0,0-back,25,zfeqzef,0,12.0,-1,base,01,0.5,900.2294,905.2301,23,2026-03-18_12:40:26.103193,12:55:31.333102,M
5,0,1,0 vs 2-back (standard ~8min),0,0,0,1,2.0,M,1,pc,0,0-back,25,zfeqzef,0,12.0,-1,base,01,0.5,906.2296,910.2302,24,2026-03-18_12:40:26.103193,12:55:36.333180,M
