participant,session,run,scanner,mode,design_id,design_name,trigger_time,block_idx,trial_idx,task_time,wall_timestamp,n_level,n_level_label,n_trials_in_block,letter,zero_back_target,is_target,responded,rt,stim_onset,stim_duration,isi_duration,hit,miss,false_alarm,correct_rejection,is_correct,trial_idx_global
bhqs,01,01,pc,pc,1,Compact 0v2 (~6min),2026-07-02_16:28:12.601787,0,0,12.1007,16:28:24.702499,0,0-back,12,C,D,0,0,-1,10.0818,0.5,1.5,0,0,0,1,1,0
bhqs,01,01,pc,pc,1,Compact 0v2 (~6min),2026-07-02_16:28:12.601787,0,1,14.1482,16:28:26.749951,0,0-back,12,D,D,1,1,0.5805,12.1173,0.5,1.5,1,0,0,0,1,1
bhqs,01,01,pc,pc,1,Compact 0v2 (~6min),2026-07-02_16:28:12.601787,0,2,16.1987,16:28:28.800489,0,0-back,12,S,D,0,0,-1,14.1649,0.5,1.5,0,0,0,1,1,2
bhqs,01,01,pc,pc,1,Compact 0v2 (~6min),2026-07-02_16:28:12.601787,0,3,18.2486,16:28:30.850423,0,0-back,12,C,D,0,0,-1,16.2151,0.5,1.5,0,0,0,1,1,3
bhqs,01,01,pc,pc,1,Compact 0v2 (~6min),2026-07-02_16:28:12.601787,0,4,20.2819,16:28:32.883725,0,0-back,12,G,D,0,0,-1,18.2651,0.5,1.5,0,0,0,1,1,4
bhqs,01,01,pc,pc,1,Compact 0v2 (~6min),2026-07-02_16:28:12.601787,0,5,22.3321,16:28:34.933879,0,0-back,12,C,D,0,0,-1,20.2991,0.5,1.5,0,0,0,1,1,5
bhqs,01,01,pc,pc,1,Compact 0v2 (~6min),2026-07-02_16:28:12.601787,0,6,24.3825,16:28:36.984311,0,0-back,12,W,D,0,0,-1,22.349,0.5,1.5,0,0,0,1,1,6
bhqs,01,01,pc,pc,1,Compact 0v2 (~6min),2026-07-02_16:28:12.601787,0,7,26.449,16:28:39.050813,0,0-back,12,D,D,1,1,0.433,24.3993,0.5,1.5,1,0,0,0,1,7
bhqs,01,01,pc,pc,1,Compact 0v2 (~6min),2026-07-02_16:28:12.601787,0,8,28.4995,16:28:41.101264,0,0-back,12,V,D,0,0,-1,26.466,0.5,1.5,0,0,0,1,1,8
bhqs,01,01,pc,pc,1,Compact 0v2 (~6min),2026-07-02_16:28:12.601787,0,9,30.5497,16:28:43.151494,0,0-back,12,D,D,1,1,0.4329,28.5167,0.5,1.5,1,0,0,0,1,9
bhqs,01,01,pc,pc,1,Compact 0v2 (~6min),2026-07-02_16:28:12.601787,0,10,32.5828,16:28:45.184567,0,0-back,12,C,D,0,0,-1,30.5669,0.5,1.5,0,0,0,1,1,10
bhqs,01,01,pc,pc,1,Compact 0v2 (~6min),2026-07-02_16:28:12.601787,0,11,34.6491,16:28:47.250864,0,0-back,12,H,D,0,0,-1,32.5995,0.5,1.5,0,0,0,1,1,11
bhqs,01,01,pc,pc,1,Compact 0v2 (~6min),2026-07-02_16:28:12.601787,1,0,46.7529,16:28:59.354700,2,2-back,12,B,,0,0,-1,44.7197,0.5,1.5,0,0,0,1,1,12
bhqs,01,01,pc,pc,1,Compact 0v2 (~6min),2026-07-02_16:28:12.601787,1,1,48.8003,16:29:01.402053,2,2-back,12,J,,0,0,-1,46.7741,0.5,1.5,0,0,0,1,1,13
bhqs,01,01,pc,pc,1,Compact 0v2 (~6min),2026-07-02_16:28:12.601787,1,2,50.8343,16:29:03.436053,2,2-back,12,R,,0,0,-1,48.8169,0.5,1.5,0,0,0,1,1,14
bhqs,01,01,pc,pc,1,Compact 0v2 (~6min),2026-07-02_16:28:12.601787,1,3,52.8844,16:29:05.486177,2,2-back,12,F,,0,0,-1,50.8509,0.5,1.5,0,0,0,1,1,15
bhqs,01,01,pc,pc,1,Compact 0v2 (~6min),2026-07-02_16:28:12.601787,1,4,54.9342,16:29:07.536034,2,2-back,12,P,,0,0,-1,52.9011,0.5,1.5,0,0,0,1,1,16
bhqs,01,01,pc,pc,1,Compact 0v2 (~6min),2026-07-02_16:28:12.601787,1,5,56.9847,16:29:09.586482,2,2-back,12,F,,1,0,-1,54.9509,0.5,1.5,0,1,0,0,0,17
bhqs,01,01,pc,pc,1,Compact 0v2 (~6min),2026-07-02_16:28:12.601787,1,6,59.0348,16:29:11.636567,2,2-back,12,C,,0,0,-1,57.0014,0.5,1.5,0,0,0,1,1,18
bhqs,01,01,pc,pc,1,Compact 0v2 (~6min),2026-07-02_16:28:12.601787,1,7,61.0849,16:29:13.686674,2,2-back,12,W,,0,0,-1,59.0515,0.5,1.5,0,0,0,1,1,19
bhqs,01,01,pc,pc,1,Compact 0v2 (~6min),2026-07-02_16:28:12.601787,1,8,63.1182,16:29:15.719954,2,2-back,12,L,,0,0,-1,61.1016,0.5,1.5,0,0,0,1,1,20
bhqs,01,01,pc,pc,1,Compact 0v2 (~6min),2026-07-02_16:28:12.601787,1,9,65.1519,16:29:17.753679,2,2-back,12,K,,0,0,-1,63.1352,0.5,1.5,0,0,0,1,1,21
bhqs,01,01,pc,pc,1,Compact 0v2 (~6min),2026-07-02_16:28:12.601787,1,10,67.2022,16:29:19.803995,2,2-back,12,L,,1,1,0.7165,65.1685,0.5,1.5,1,0,0,0,1,22
bhqs,01,01,pc,pc,1,Compact 0v2 (~6min),2026-07-02_16:28:12.601787,1,11,69.2353,16:29:21.837077,2,2-back,12,K,,1,0,-1,67.2184,0.5,1.5,0,1,0,0,0,23
bhqs,01,01,pc,pc,1,Compact 0v2 (~6min),2026-07-02_16:28:12.601787,2,0,81.337,16:29:33.938782,0,0-back,12,J,M,0,0,-1,79.3029,0.5,1.5,0,0,0,1,1,24
bhqs,01,01,pc,pc,1,Compact 0v2 (~6min),2026-07-02_16:28:12.601787,2,1,83.3859,16:29:35.987670,0,0-back,12,C,M,0,0,-1,81.3569,0.5,1.5,0,0,0,1,1,25
bhqs,01,01,pc,pc,1,Compact 0v2 (~6min),2026-07-02_16:28:12.601787,2,2,85.4199,16:29:38.021709,0,0-back,12,V,M,0,0,-1,83.4026,0.5,1.5,0,0,0,1,1,26
bhqs,01,01,pc,pc,1,Compact 0v2 (~6min),2026-07-02_16:28:12.601787,2,3,87.4534,16:29:40.055192,0,0-back,12,H,M,0,0,-1,85.4366,0.5,1.5,0,0,0,1,1,27
bhqs,01,01,pc,pc,1,Compact 0v2 (~6min),2026-07-02_16:28:12.601787,2,4,89.4868,16:29:42.088559,0,0-back,12,R,M,0,0,-1,87.4703,0.5,1.5,0,0,0,1,1,28
bhqs,01,01,pc,pc,1,Compact 0v2 (~6min),2026-07-02_16:28:12.601787,2,5,91.52,16:29:44.121812,0,0-back,12,J,M,0,0,-1,89.5035,0.5,1.5,0,0,0,1,1,29
bhqs,01,01,pc,pc,1,Compact 0v2 (~6min),2026-07-02_16:28:12.601787,2,6,93.5704,16:29:46.172182,0,0-back,12,M,M,1,1,0.4166,91.5373,0.5,1.5,1,0,0,0,1,30
bhqs,01,01,pc,pc,1,Compact 0v2 (~6min),2026-07-02_16:28:12.601787,2,7,95.6203,16:29:48.222077,0,0-back,12,M,M,1,1,0.4165,93.5871,0.5,1.5,1,0,0,0,1,31
bhqs,01,01,pc,pc,1,Compact 0v2 (~6min),2026-07-02_16:28:12.601787,2,8,97.687,16:29:50.288788,0,0-back,12,G,M,0,0,-1,95.6372,0.5,1.5,0,0,0,1,1,32
bhqs,01,01,pc,pc,1,Compact 0v2 (~6min),2026-07-02_16:28:12.601787,2,9,99.7207,16:29:52.322456,0,0-back,12,V,M,0,0,-1,97.7037,0.5,1.5,0,0,0,1,1,33
bhqs,01,01,pc,pc,1,Compact 0v2 (~6min),2026-07-02_16:28:12.601787,2,10,101.7709,16:29:54.372689,0,0-back,12,R,M,0,0,-1,99.7381,0.5,1.5,0,0,0,1,1,34
bhqs,01,01,pc,pc,1,Compact 0v2 (~6min),2026-07-02_16:28:12.601787,2,11,103.8211,16:29:56.422862,0,0-back,12,M,M,1,1,0.4337,101.7873,0.5,1.5,1,0,0,0,1,35
bhqs,01,01,pc,pc,1,Compact 0v2 (~6min),2026-07-02_16:28:12.601787,3,0,115.9241,16:30:08.525922,2,2-back,12,L,,0,0,-1,113.8907,0.5,1.5,0,0,0,1,1,36
bhqs,01,01,pc,pc,1,Compact 0v2 (~6min),2026-07-02_16:28:12.601787,3,1,117.9878,16:30:10.589572,2,2-back,12,W,,0,0,-1,115.944,0.5,1.5,0,0,0,1,1,37
bhqs,01,01,pc,pc,1,Compact 0v2 (~6min),2026-07-02_16:28:12.601787,3,2,120.0387,16:30:12.640446,2,2-back,12,L,,1,1,1.4172,118.0044,0.5,1.5,1,0,0,0,1,38
bhqs,01,01,pc,pc,1,Compact 0v2 (~6min),2026-07-02_16:28:12.601787,3,3,122.0721,16:30:14.673892,2,2-back,12,W,,1,1,0.8667,120.0551,0.5,1.5,1,0,0,0,1,39
bhqs,01,01,pc,pc,1,Compact 0v2 (~6min),2026-07-02_16:28:12.601787,3,4,124.1221,16:30:16.723842,2,2-back,12,F,,0,0,-1,122.0894,0.5,1.5,0,0,0,1,1,40
bhqs,01,01,pc,pc,1,Compact 0v2 (~6min),2026-07-02_16:28:12.601787,3,5,126.1722,16:30:18.773996,2,2-back,12,G,,0,0,-1,124.1387,0.5,1.5,0,0,0,1,1,41
bhqs,01,01,pc,pc,1,Compact 0v2 (~6min),2026-07-02_16:28:12.601787,3,6,128.2391,16:30:20.840866,2,2-back,12,J,,0,0,-1,126.1898,0.5,1.5,0,0,0,1,1,42
bhqs,01,01,pc,pc,1,Compact 0v2 (~6min),2026-07-02_16:28:12.601787,3,7,130.3061,16:30:22.907905,2,2-back,12,R,,0,0,-1,128.2568,0.5,1.5,0,0,0,1,1,43
bhqs,01,01,pc,pc,1,Compact 0v2 (~6min),2026-07-02_16:28:12.601787,3,8,132.3559,16:30:24.957719,2,2-back,12,W,,0,0,-1,130.3228,0.5,1.5,0,0,0,1,1,44
bhqs,01,01,pc,pc,1,Compact 0v2 (~6min),2026-07-02_16:28:12.601787,3,9,134.4064,16:30:27.008140,2,2-back,12,H,,0,0,-1,132.3727,0.5,1.5,0,0,0,1,1,45
bhqs,01,01,pc,pc,1,Compact 0v2 (~6min),2026-07-02_16:28:12.601787,3,10,136.4565,16:30:29.058262,2,2-back,12,M,,0,0,-1,134.4227,0.5,1.5,0,0,0,1,1,46
bhqs,01,01,pc,pc,1,Compact 0v2 (~6min),2026-07-02_16:28:12.601787,3,11,138.5067,16:30:31.108448,2,2-back,12,H,,1,1,0.3665,136.4731,0.5,1.5,1,0,0,0,1,47
bhqs,01,01,pc,pc,1,Compact 0v2 (~6min),2026-07-02_16:28:12.601787,4,0,150.6101,16:30:43.211901,0,0-back,12,T,T,1,1,0.0337,148.5737,0.5,1.5,1,0,0,0,1,48
bhqs,01,01,pc,pc,1,Compact 0v2 (~6min),2026-07-02_16:28:12.601787,4,1,152.6741,16:30:45.275914,0,0-back,12,G,T,0,0,-1,150.631,0.5,1.5,0,0,0,1,1,49
bhqs,01,01,pc,pc,1,Compact 0v2 (~6min),2026-07-02_16:28:12.601787,4,2,154.7246,16:30:47.326383,0,0-back,12,Z,T,0,0,-1,152.6908,0.5,1.5,0,0,0,1,1,50
bhqs,01,01,pc,pc,1,Compact 0v2 (~6min),2026-07-02_16:28:12.601787,4,3,156.7741,16:30:49.375937,0,0-back,12,H,T,0,0,-1,154.7409,0.5,1.5,0,0,0,1,1,51
bhqs,01,01,pc,pc,1,Compact 0v2 (~6min),2026-07-02_16:28:12.601787,4,4,158.8246,16:30:51.426410,0,0-back,12,R,T,0,0,-1,156.7908,0.5,1.5,0,0,0,1,1,52
bhqs,01,01,pc,pc,1,Compact 0v2 (~6min),2026-07-02_16:28:12.601787,4,5,160.8581,16:30:53.459854,0,0-back,12,G,T,0,0,-1,158.8413,0.5,1.5,0,0,0,1,1,53
bhqs,01,01,pc,pc,1,Compact 0v2 (~6min),2026-07-02_16:28:12.601787,4,6,162.9079,16:30:55.509690,0,0-back,12,L,T,0,0,-1,160.8746,0.5,1.5,0,0,0,1,1,54
bhqs,01,01,pc,pc,1,Compact 0v2 (~6min),2026-07-02_16:28:12.601787,4,7,164.958,16:30:57.559790,0,0-back,12,T,T,1,1,0.3664,162.9249,0.5,1.5,1,0,0,0,1,55
bhqs,01,01,pc,pc,1,Compact 0v2 (~6min),2026-07-02_16:28:12.601787,4,8,167.0082,16:30:59.610029,0,0-back,12,L,T,0,1,0.35,164.975,0.5,1.5,0,0,1,0,0,56
bhqs,01,01,pc,pc,1,Compact 0v2 (~6min),2026-07-02_16:28:12.601787,4,9,169.0583,16:31:01.660057,0,0-back,12,R,T,0,0,-1,167.0249,0.5,1.5,0,0,0,1,1,57
bhqs,01,01,pc,pc,1,Compact 0v2 (~6min),2026-07-02_16:28:12.601787,4,10,171.1089,16:31:03.710656,0,0-back,12,T,T,1,1,0.9189,169.0749,0.5,1.5,1,0,0,0,1,58
bhqs,01,01,pc,pc,1,Compact 0v2 (~6min),2026-07-02_16:28:12.601787,4,11,173.1588,16:31:05.760555,0,0-back,12,K,T,0,0,-1,171.1256,0.5,1.5,0,0,0,1,1,59
