block_condition,block_idx,congruency,correct_key,design_id,design_name,flanker_direction,is_correct,is_error,is_miss,isi_actual,isi_max,isi_min,mode,n_trials_in_block,paradigm,participant,responded,response_direction,response_key,rt,run_type,session,stim_duration,stim_onset,stimulus,target_direction,task_time,trial_idx,trial_idx_global,trigger_time,wall_timestamp
congruent,0,congruent,y,1,Block (CON vs INC ~7min),right,0,1,0,1.0,1.0,1.0,fmri,20,block,qsxqscd,1,left,b,0.6379,base,01,1.5,16.0819,>  >  >  >  >,right,18.6114,0,0,2026-03-18_16:26:02.853945,16:26:21.465191
congruent,0,congruent,b,1,Block (CON vs INC ~7min),left,0,1,0,1.0,1.0,1.0,fmri,20,block,qsxqscd,1,right,y,0.4983,base,01,1.5,18.6295,<  <  <  <  <,left,21.1619,1,1,2026-03-18_16:26:02.853945,16:26:24.015641
congruent,0,congruent,b,1,Block (CON vs INC ~7min),left,0,1,0,1.0,1.0,1.0,fmri,20,block,qsxqscd,1,right,y,0.3864,base,01,1.5,21.1816,<  <  <  <  <,left,23.7118,2,2,2026-03-18_16:26:02.853945,16:26:26.565584
congruent,0,congruent,y,1,Block (CON vs INC ~7min),right,0,1,0,1.0,1.0,1.0,fmri,20,block,qsxqscd,1,left,b,0.3643,base,01,1.5,23.7318,>  >  >  >  >,right,26.2787,3,3,2026-03-18_16:26:02.853945,16:26:29.132464
congruent,0,congruent,b,1,Block (CON vs INC ~7min),left,0,1,0,1.0,1.0,1.0,fmri,20,block,qsxqscd,1,right,y,0.4134,base,01,1.5,26.2987,<  <  <  <  <,left,28.8291,4,4,2026-03-18_16:26:02.853945,16:26:31.682824
congruent,0,congruent,y,1,Block (CON vs INC ~7min),right,0,1,0,1.0,1.0,1.0,fmri,20,block,qsxqscd,1,left,b,0.4077,base,01,1.5,28.8483,>  >  >  >  >,right,31.3789,5,5,2026-03-18_16:26:02.853945,16:26:34.232693
congruent,0,congruent,y,1,Block (CON vs INC ~7min),right,0,1,0,1.0,1.0,1.0,fmri,20,block,qsxqscd,1,left,b,0.3791,base,01,1.5,31.3969,>  >  >  >  >,right,33.9461,6,6,2026-03-18_16:26:02.853945,16:26:36.799832
congruent,0,congruent,b,1,Block (CON vs INC ~7min),left,0,1,0,1.0,1.0,1.0,fmri,20,block,qsxqscd,1,right,y,0.3802,base,01,1.5,33.964,<  <  <  <  <,left,36.496,7,7,2026-03-18_16:26:02.853945,16:26:39.349808
congruent,0,congruent,b,1,Block (CON vs INC ~7min),left,0,1,0,1.0,1.0,1.0,fmri,20,block,qsxqscd,1,right,y,0.4061,base,01,1.5,36.5138,<  <  <  <  <,left,39.0465,8,8,2026-03-18_16:26:02.853945,16:26:41.900227
congruent,0,congruent,y,1,Block (CON vs INC ~7min),right,0,1,0,1.0,1.0,1.0,fmri,20,block,qsxqscd,1,left,b,0.424,base,01,1.5,39.0642,>  >  >  >  >,right,41.613,9,9,2026-03-18_16:26:02.853945,16:26:44.466774
congruent,0,congruent,b,1,Block (CON vs INC ~7min),left,0,1,0,1.0,1.0,1.0,fmri,20,block,qsxqscd,1,right,y,0.4015,base,01,1.5,41.6306,<  <  <  <  <,left,44.1634,10,10,2026-03-18_16:26:02.853945,16:26:47.017158
congruent,0,congruent,b,1,Block (CON vs INC ~7min),left,0,1,0,1.0,1.0,1.0,fmri,20,block,qsxqscd,1,right,y,0.3788,base,01,1.5,44.1814,<  <  <  <  <,left,46.7136,11,11,2026-03-18_16:26:02.853945,16:26:49.567331
congruent,0,congruent,b,1,Block (CON vs INC ~7min),left,0,1,0,1.0,1.0,1.0,fmri,20,block,qsxqscd,1,right,y,0.3247,base,01,1.5,46.7314,<  <  <  <  <,left,49.2637,12,12,2026-03-18_16:26:02.853945,16:26:52.117484
congruent,0,congruent,y,1,Block (CON vs INC ~7min),right,0,1,0,1.0,1.0,1.0,fmri,20,block,qsxqscd,1,left,b,0.4064,base,01,1.5,49.2816,>  >  >  >  >,right,51.8137,13,13,2026-03-18_16:26:02.853945,16:26:54.667509
congruent,0,congruent,b,1,Block (CON vs INC ~7min),left,0,1,0,1.0,1.0,1.0,fmri,20,block,qsxqscd,1,right,y,0.3275,base,01,1.5,51.8327,<  <  <  <  <,left,54.364,14,14,2026-03-18_16:26:02.853945,16:26:57.217794
congruent,0,congruent,b,1,Block (CON vs INC ~7min),left,0,1,0,1.0,1.0,1.0,fmri,20,block,qsxqscd,1,right,y,0.4501,base,01,1.5,54.382,<  <  <  <  <,left,56.9141,15,15,2026-03-18_16:26:02.853945,16:26:59.767851
congruent,0,congruent,y,1,Block (CON vs INC ~7min),right,0,1,0,1.0,1.0,1.0,fmri,20,block,qsxqscd,1,left,b,0.4677,base,01,1.5,56.9324,>  >  >  >  >,right,59.4644,16,16,2026-03-18_16:26:02.853945,16:27:02.318204
congruent,0,congruent,y,1,Block (CON vs INC ~7min),right,0,0,1,1.0,1.0,1.0,fmri,20,block,qsxqscd,0,,,-1,base,01,1.5,59.4822,>  >  >  >  >,right,62.0142,17,17,2026-03-18_16:26:02.853945,16:27:04.868007
congruent,0,congruent,y,1,Block (CON vs INC ~7min),right,0,0,1,1.0,1.0,1.0,fmri,20,block,qsxqscd,0,,,-1,base,01,1.5,62.0324,>  >  >  >  >,right,64.5647,18,18,2026-03-18_16:26:02.853945,16:27:07.418500
congruent,0,congruent,y,1,Block (CON vs INC ~7min),right,0,0,1,1.0,1.0,1.0,fmri,20,block,qsxqscd,0,,,-1,base,01,1.5,64.5827,>  >  >  >  >,right,67.1149,19,19,2026-03-18_16:26:02.853945,16:27:09.968676
incongruent,1,incongruent,b,1,Block (CON vs INC ~7min),right,0,0,1,1.0,1.0,1.0,fmri,20,block,qsxqscd,0,,,-1,base,01,1.5,83.203,>  >  <  >  >,left,85.7336,0,20,2026-03-18_16:26:02.853945,16:27:28.587373
incongruent,1,incongruent,y,1,Block (CON vs INC ~7min),left,0,0,1,1.0,1.0,1.0,fmri,20,block,qsxqscd,0,,,-1,base,01,1.5,85.7513,<  <  >  <  <,right,88.3005,1,21,2026-03-18_16:26:02.853945,16:27:31.154222
incongruent,1,incongruent,b,1,Block (CON vs INC ~7min),right,0,0,1,1.0,1.0,1.0,fmri,20,block,qsxqscd,0,,,-1,base,01,1.5,88.318,>  >  <  >  >,left,90.8671,2,22,2026-03-18_16:26:02.853945,16:27:33.720858
incongruent,1,incongruent,y,1,Block (CON vs INC ~7min),left,0,0,1,1.0,1.0,1.0,fmri,20,block,qsxqscd,0,,,-1,base,01,1.5,90.8865,<  <  >  <  <,right,93.4175,3,23,2026-03-18_16:26:02.853945,16:27:36.271220
incongruent,1,incongruent,b,1,Block (CON vs INC ~7min),right,0,0,1,1.0,1.0,1.0,fmri,20,block,qsxqscd,0,,,-1,base,01,1.5,93.4362,>  >  <  >  >,left,95.9676,4,24,2026-03-18_16:26:02.853945,16:27:38.821386
incongruent,1,incongruent,b,1,Block (CON vs INC ~7min),right,1,0,0,1.0,1.0,1.0,fmri,20,block,qsxqscd,1,left,b,0.0375,base,01,1.5,95.9867,>  >  <  >  >,left,98.5178,5,25,2026-03-18_16:26:02.853945,16:27:41.371565
incongruent,1,incongruent,b,1,Block (CON vs INC ~7min),right,1,0,0,1.0,1.0,1.0,fmri,20,block,qsxqscd,1,left,b,0.2476,base,01,1.5,98.5367,>  >  <  >  >,left,101.068,6,26,2026-03-18_16:26:02.853945,16:27:43.921721
incongruent,1,incongruent,y,1,Block (CON vs INC ~7min),left,0,1,0,1.0,1.0,1.0,fmri,20,block,qsxqscd,1,left,b,0.2895,base,01,1.5,101.0868,<  <  >  <  <,right,103.6182,7,27,2026-03-18_16:26:02.853945,16:27:46.471921
incongruent,1,incongruent,b,1,Block (CON vs INC ~7min),right,0,0,1,1.0,1.0,1.0,fmri,20,block,qsxqscd,0,,,-1,base,01,1.5,103.6365,>  >  <  >  >,left,106.1681,8,28,2026-03-18_16:26:02.853945,16:27:49.021838
incongruent,1,incongruent,y,1,Block (CON vs INC ~7min),left,0,0,1,1.0,1.0,1.0,fmri,20,block,qsxqscd,0,,,-1,base,01,1.5,106.1884,<  <  >  <  <,right,108.7349,9,29,2026-03-18_16:26:02.853945,16:27:51.588693
incongruent,1,incongruent,y,1,Block (CON vs INC ~7min),left,0,0,1,1.0,1.0,1.0,fmri,20,block,qsxqscd,0,,,-1,base,01,1.5,108.755,<  <  >  <  <,right,111.2851,10,30,2026-03-18_16:26:02.853945,16:27:54.138873
incongruent,1,incongruent,y,1,Block (CON vs INC ~7min),left,0,0,1,1.0,1.0,1.0,fmri,20,block,qsxqscd,0,,,-1,base,01,1.5,111.3037,<  <  >  <  <,right,113.8356,11,31,2026-03-18_16:26:02.853945,16:27:56.689322
incongruent,1,incongruent,b,1,Block (CON vs INC ~7min),right,0,0,1,1.0,1.0,1.0,fmri,20,block,qsxqscd,0,,,-1,base,01,1.5,113.8549,>  >  <  >  >,left,116.3857,12,32,2026-03-18_16:26:02.853945,16:27:59.239431
incongruent,1,incongruent,y,1,Block (CON vs INC ~7min),left,0,0,1,1.0,1.0,1.0,fmri,20,block,qsxqscd,0,,,-1,base,01,1.5,116.4045,<  <  >  <  <,right,118.9358,13,33,2026-03-18_16:26:02.853945,16:28:01.789595
incongruent,1,incongruent,b,1,Block (CON vs INC ~7min),right,0,0,1,1.0,1.0,1.0,fmri,20,block,qsxqscd,0,,,-1,base,01,1.5,118.9551,>  >  <  >  >,left,121.486,14,34,2026-03-18_16:26:02.853945,16:28:04.339719
incongruent,1,incongruent,y,1,Block (CON vs INC ~7min),left,0,0,1,1.0,1.0,1.0,fmri,20,block,qsxqscd,0,,,-1,base,01,1.5,121.504,<  <  >  <  <,right,124.0526,15,35,2026-03-18_16:26:02.853945,16:28:06.906375
incongruent,1,incongruent,y,1,Block (CON vs INC ~7min),left,0,0,1,1.0,1.0,1.0,fmri,20,block,qsxqscd,0,,,-1,base,01,1.5,124.0715,<  <  >  <  <,right,126.6028,16,36,2026-03-18_16:26:02.853945,16:28:09.456533
incongruent,1,incongruent,y,1,Block (CON vs INC ~7min),left,0,0,1,1.0,1.0,1.0,fmri,20,block,qsxqscd,0,,,-1,base,01,1.5,126.622,<  <  >  <  <,right,129.1529,17,37,2026-03-18_16:26:02.853945,16:28:12.006707
incongruent,1,incongruent,b,1,Block (CON vs INC ~7min),right,0,0,1,1.0,1.0,1.0,fmri,20,block,qsxqscd,0,,,-1,base,01,1.5,129.1732,>  >  <  >  >,left,131.7034,18,38,2026-03-18_16:26:02.853945,16:28:14.557138
incongruent,1,incongruent,b,1,Block (CON vs INC ~7min),right,0,0,1,1.0,1.0,1.0,fmri,20,block,qsxqscd,0,,,-1,base,01,1.5,131.7226,>  >  <  >  >,left,134.2533,19,39,2026-03-18_16:26:02.853945,16:28:17.107024
incongruent,2,incongruent,y,1,Block (CON vs INC ~7min),left,0,0,1,1.0,1.0,1.0,fmri,20,block,qsxqscd,0,,,-1,base,01,1.5,150.3559,<  <  >  <  <,right,152.8881,0,40,2026-03-18_16:26:02.853945,16:28:35.741829
incongruent,2,incongruent,y,1,Block (CON vs INC ~7min),left,0,0,1,1.0,1.0,1.0,fmri,20,block,qsxqscd,0,,,-1,base,01,1.5,152.907,<  <  >  <  <,right,155.4383,1,41,2026-03-18_16:26:02.853945,16:28:38.292078
incongruent,2,incongruent,y,1,Block (CON vs INC ~7min),left,0,0,1,1.0,1.0,1.0,fmri,20,block,qsxqscd,0,,,-1,base,01,1.5,155.4569,<  <  >  <  <,right,157.9882,2,42,2026-03-18_16:26:02.853945,16:28:40.842003
incongruent,2,incongruent,b,1,Block (CON vs INC ~7min),right,0,0,1,1.0,1.0,1.0,fmri,20,block,qsxqscd,0,,,-1,base,01,1.5,158.0072,>  >  <  >  >,left,160.555,3,43,2026-03-18_16:26:02.853945,16:28:43.408778
incongruent,2,incongruent,b,1,Block (CON vs INC ~7min),right,0,0,1,1.0,1.0,1.0,fmri,20,block,qsxqscd,0,,,-1,base,01,1.5,160.5737,>  >  <  >  >,left,163.1053,4,44,2026-03-18_16:26:02.853945,16:28:45.959090
incongruent,2,incongruent,y,1,Block (CON vs INC ~7min),left,0,0,1,1.0,1.0,1.0,fmri,20,block,qsxqscd,0,,,-1,base,01,1.5,163.1242,<  <  >  <  <,right,165.6553,5,45,2026-03-18_16:26:02.853945,16:28:48.509109
incongruent,2,incongruent,y,1,Block (CON vs INC ~7min),left,0,0,1,1.0,1.0,1.0,fmri,20,block,qsxqscd,0,,,-1,base,01,1.5,165.6737,<  <  >  <  <,right,168.2057,6,46,2026-03-18_16:26:02.853945,16:28:51.059509
incongruent,2,incongruent,b,1,Block (CON vs INC ~7min),right,0,0,1,1.0,1.0,1.0,fmri,20,block,qsxqscd,0,,,-1,base,01,1.5,168.2243,>  >  <  >  >,left,170.7725,7,47,2026-03-18_16:26:02.853945,16:28:53.626285
incongruent,2,incongruent,b,1,Block (CON vs INC ~7min),right,0,0,1,1.0,1.0,1.0,fmri,20,block,qsxqscd,0,,,-1,base,01,1.5,170.791,>  >  <  >  >,left,173.3225,8,48,2026-03-18_16:26:02.853945,16:28:56.176274
incongruent,2,incongruent,y,1,Block (CON vs INC ~7min),left,0,0,1,1.0,1.0,1.0,fmri,20,block,qsxqscd,0,,,-1,base,01,1.5,173.3407,<  <  >  <  <,right,175.8727,9,49,2026-03-18_16:26:02.853945,16:28:58.726482
incongruent,2,incongruent,b,1,Block (CON vs INC ~7min),right,0,0,1,1.0,1.0,1.0,fmri,20,block,qsxqscd,0,,,-1,base,01,1.5,175.8932,>  >  <  >  >,left,178.4229,10,50,2026-03-18_16:26:02.853945,16:29:01.276676
incongruent,2,incongruent,b,1,Block (CON vs INC ~7min),right,0,0,1,1.0,1.0,1.0,fmri,20,block,qsxqscd,0,,,-1,base,01,1.5,178.4424,>  >  <  >  >,left,180.9733,11,51,2026-03-18_16:26:02.853945,16:29:03.827086
incongruent,2,incongruent,y,1,Block (CON vs INC ~7min),left,0,0,1,1.0,1.0,1.0,fmri,20,block,qsxqscd,0,,,-1,base,01,1.5,180.9926,<  <  >  <  <,right,183.5394,12,52,2026-03-18_16:26:02.853945,16:29:06.393196
incongruent,2,incongruent,y,1,Block (CON vs INC ~7min),left,0,0,1,1.0,1.0,1.0,fmri,20,block,qsxqscd,0,,,-1,base,01,1.5,183.5559,<  <  >  <  <,right,186.0898,13,53,2026-03-18_16:26:02.853945,16:29:08.943600
incongruent,2,incongruent,b,1,Block (CON vs INC ~7min),right,0,0,1,1.0,1.0,1.0,fmri,20,block,qsxqscd,0,,,-1,base,01,1.5,186.1065,>  >  <  >  >,left,188.64,14,54,2026-03-18_16:26:02.853945,16:29:11.493721
incongruent,2,incongruent,y,1,Block (CON vs INC ~7min),left,0,0,1,1.0,1.0,1.0,fmri,20,block,qsxqscd,0,,,-1,base,01,1.5,188.6584,<  <  >  <  <,right,191.1898,15,55,2026-03-18_16:26:02.853945,16:29:14.043536
incongruent,2,incongruent,b,1,Block (CON vs INC ~7min),right,0,0,1,1.0,1.0,1.0,fmri,20,block,qsxqscd,0,,,-1,base,01,1.5,191.2078,>  >  <  >  >,left,193.74,16,56,2026-03-18_16:26:02.853945,16:29:16.593815
incongruent,2,incongruent,b,1,Block (CON vs INC ~7min),right,0,0,1,1.0,1.0,1.0,fmri,20,block,qsxqscd,0,,,-1,base,01,1.5,193.7584,>  >  <  >  >,left,196.2899,17,57,2026-03-18_16:26:02.853945,16:29:19.143711
incongruent,2,incongruent,b,1,Block (CON vs INC ~7min),right,0,0,1,1.0,1.0,1.0,fmri,20,block,qsxqscd,0,,,-1,base,01,1.5,196.3077,>  >  <  >  >,left,198.857,18,58,2026-03-18_16:26:02.853945,16:29:21.710764
incongruent,2,incongruent,y,1,Block (CON vs INC ~7min),left,0,0,1,1.0,1.0,1.0,fmri,20,block,qsxqscd,0,,,-1,base,01,1.5,198.8746,<  <  >  <  <,right,201.4069,19,59,2026-03-18_16:26:02.853945,16:29:24.260673
congruent,3,congruent,y,1,Block (CON vs INC ~7min),right,0,0,1,1.0,1.0,1.0,fmri,20,block,qsxqscd,0,,,-1,base,01,1.5,217.4954,>  >  >  >  >,right,220.0251,0,60,2026-03-18_16:26:02.853945,16:29:42.878875
congruent,3,congruent,b,1,Block (CON vs INC ~7min),left,0,0,1,1.0,1.0,1.0,fmri,20,block,qsxqscd,0,,,-1,base,01,1.5,220.0435,<  <  <  <  <,left,222.5752,1,61,2026-03-18_16:26:02.853945,16:29:45.428961
congruent,3,congruent,b,1,Block (CON vs INC ~7min),left,0,0,1,1.0,1.0,1.0,fmri,20,block,qsxqscd,0,,,-1,base,01,1.5,222.5926,<  <  <  <  <,left,225.1253,2,62,2026-03-18_16:26:02.853945,16:29:47.979038
congruent,3,congruent,y,1,Block (CON vs INC ~7min),right,0,0,1,1.0,1.0,1.0,fmri,20,block,qsxqscd,0,,,-1,base,01,1.5,225.1428,>  >  >  >  >,right,227.6756,3,63,2026-03-18_16:26:02.853945,16:29:50.529352
congruent,3,congruent,y,1,Block (CON vs INC ~7min),right,0,0,1,1.0,1.0,1.0,fmri,20,block,qsxqscd,0,,,-1,base,01,1.5,227.6941,>  >  >  >  >,right,230.2257,4,64,2026-03-18_16:26:02.853945,16:29:53.079487
congruent,3,congruent,y,1,Block (CON vs INC ~7min),right,0,0,1,1.0,1.0,1.0,fmri,20,block,qsxqscd,0,,,-1,base,01,1.5,230.2436,>  >  >  >  >,right,232.7759,5,65,2026-03-18_16:26:02.853945,16:29:55.629667
congruent,3,congruent,y,1,Block (CON vs INC ~7min),right,0,0,1,1.0,1.0,1.0,fmri,20,block,qsxqscd,0,,,-1,base,01,1.5,232.7942,>  >  >  >  >,right,235.3259,6,66,2026-03-18_16:26:02.853945,16:29:58.179632
congruent,3,congruent,b,1,Block (CON vs INC ~7min),left,0,0,1,1.0,1.0,1.0,fmri,20,block,qsxqscd,0,,,-1,base,01,1.5,235.3469,<  <  <  <  <,left,237.8762,7,67,2026-03-18_16:26:02.853945,16:30:00.729993
congruent,3,congruent,b,1,Block (CON vs INC ~7min),left,0,0,1,1.0,1.0,1.0,fmri,20,block,qsxqscd,0,,,-1,base,01,1.5,237.8942,<  <  <  <  <,left,240.4264,8,68,2026-03-18_16:26:02.853945,16:30:03.280170
congruent,3,congruent,y,1,Block (CON vs INC ~7min),right,0,0,1,1.0,1.0,1.0,fmri,20,block,qsxqscd,0,,,-1,base,01,1.5,240.4444,>  >  >  >  >,right,242.9766,9,69,2026-03-18_16:26:02.853945,16:30:05.830344
congruent,3,congruent,b,1,Block (CON vs INC ~7min),left,0,0,1,1.0,1.0,1.0,fmri,20,block,qsxqscd,0,,,-1,base,01,1.5,242.9943,<  <  <  <  <,left,245.5267,10,70,2026-03-18_16:26:02.853945,16:30:08.380510
congruent,3,congruent,b,1,Block (CON vs INC ~7min),left,0,0,1,1.0,1.0,1.0,fmri,20,block,qsxqscd,0,,,-1,base,01,1.5,245.5447,<  <  <  <  <,left,248.0769,11,71,2026-03-18_16:26:02.853945,16:30:10.930648
congruent,3,congruent,y,1,Block (CON vs INC ~7min),right,0,0,1,1.0,1.0,1.0,fmri,20,block,qsxqscd,0,,,-1,base,01,1.5,248.0946,>  >  >  >  >,right,250.6268,12,72,2026-03-18_16:26:02.853945,16:30:13.480604
congruent,3,congruent,b,1,Block (CON vs INC ~7min),left,0,0,1,1.0,1.0,1.0,fmri,20,block,qsxqscd,0,,,-1,base,01,1.5,250.6465,<  <  <  <  <,left,253.1771,13,73,2026-03-18_16:26:02.853945,16:30:16.030912
congruent,3,congruent,b,1,Block (CON vs INC ~7min),left,0,0,1,1.0,1.0,1.0,fmri,20,block,qsxqscd,0,,,-1,base,01,1.5,253.1951,<  <  <  <  <,left,255.7274,14,74,2026-03-18_16:26:02.853945,16:30:18.581203
congruent,3,congruent,y,1,Block (CON vs INC ~7min),right,0,0,1,1.0,1.0,1.0,fmri,20,block,qsxqscd,0,,,-1,base,01,1.5,255.7475,>  >  >  >  >,right,258.2775,15,75,2026-03-18_16:26:02.853945,16:30:21.131287
congruent,3,congruent,b,1,Block (CON vs INC ~7min),left,0,0,1,1.0,1.0,1.0,fmri,20,block,qsxqscd,0,,,-1,base,01,1.5,258.2977,<  <  <  <  <,left,260.8442,16,76,2026-03-18_16:26:02.853945,16:30:23.697989
congruent,3,congruent,b,1,Block (CON vs INC ~7min),left,0,0,1,1.0,1.0,1.0,fmri,20,block,qsxqscd,0,,,-1,base,01,1.5,260.8617,<  <  <  <  <,left,263.411,17,77,2026-03-18_16:26:02.853945,16:30:26.264731
congruent,3,congruent,y,1,Block (CON vs INC ~7min),right,0,0,1,1.0,1.0,1.0,fmri,20,block,qsxqscd,0,,,-1,base,01,1.5,263.429,>  >  >  >  >,right,265.9612,18,78,2026-03-18_16:26:02.853945,16:30:28.814943
congruent,3,congruent,y,1,Block (CON vs INC ~7min),right,0,0,1,1.0,1.0,1.0,fmri,20,block,qsxqscd,0,,,-1,base,01,1.5,265.9789,>  >  >  >  >,right,268.5116,19,79,2026-03-18_16:26:02.853945,16:30:31.365364
incongruent,4,incongruent,b,1,Block (CON vs INC ~7min),right,0,0,1,1.0,1.0,1.0,fmri,20,block,qsxqscd,0,,,-1,base,01,1.5,284.6,>  >  <  >  >,left,287.1294,0,80,2026-03-18_16:26:02.853945,16:30:49.983214
incongruent,4,incongruent,b,1,Block (CON vs INC ~7min),right,0,0,1,1.0,1.0,1.0,fmri,20,block,qsxqscd,0,,,-1,base,01,1.5,287.1491,>  >  <  >  >,left,289.6796,1,81,2026-03-18_16:26:02.853945,16:30:52.533413
incongruent,4,incongruent,y,1,Block (CON vs INC ~7min),left,0,0,1,1.0,1.0,1.0,fmri,20,block,qsxqscd,0,,,-1,base,01,1.5,289.699,<  <  >  <  <,right,292.2465,2,82,2026-03-18_16:26:02.853945,16:30:55.100249
incongruent,4,incongruent,y,1,Block (CON vs INC ~7min),left,0,0,1,1.0,1.0,1.0,fmri,20,block,qsxqscd,0,,,-1,base,01,1.5,292.2664,<  <  >  <  <,right,294.7967,3,83,2026-03-18_16:26:02.853945,16:30:57.650437
incongruent,4,incongruent,b,1,Block (CON vs INC ~7min),right,0,0,1,1.0,1.0,1.0,fmri,20,block,qsxqscd,0,,,-1,base,01,1.5,294.8146,>  >  <  >  >,left,297.3469,4,84,2026-03-18_16:26:02.853945,16:31:00.200656
incongruent,4,incongruent,y,1,Block (CON vs INC ~7min),left,0,0,1,1.0,1.0,1.0,fmri,20,block,qsxqscd,0,,,-1,base,01,1.5,297.3669,<  <  >  <  <,right,299.9136,5,85,2026-03-18_16:26:02.853945,16:31:02.767350
